{
  "Ansi 12 Color (Light)" : {
    "Red Component" : 0.13365450501441956,
    "Color Space" : "P3",
    "Blue Component" : 0.94835740327835083,
    "Alpha Component" : 1,
    "Green Component" : 0.31167137622833252
  },
  "Ansi 15 Color (Dark)" : {
    "Red Component" : 0.82352942228317261,
    "Color Space" : "sRGB",
    "Blue Component" : 0.87058824300765991,
    "Alpha Component" : 1,
    "Green Component" : 0.83137255907058716
  },
  "Foreground Color (Dark)" : {
    "Red Component" : 0.7764706015586853,
    "Color Space" : "sRGB",
    "Blue Component" : 0.81960785388946533,
    "Alpha Component" : 1,
    "Green Component" : 0.78431373834609985
  },
  "Cursor Text Color" : {
    "Green Component" : 1,
    "Blue Component" : 1,
    "Red Component" : 1
  },
  "Prompt Before Closing 2" : false,
  "Ansi 3 Color (Dark)" : {
    "Red Component" : 0.88627451658248901,
    "Color Space" : "sRGB",
    "Blue Component" : 0.47058823704719543,
    "Alpha Component" : 1,
    "Green Component" : 0.64313727617263794
  },
  "Ansi 12 Color (Dark)" : {
    "Red Component" : 0.56862747669219971,
    "Color Space" : "sRGB",
    "Blue Component" : 0.81960785388946533,
    "Alpha Component" : 1,
    "Green Component" : 0.67450982332229614
  },
  "Mouse Reporting" : true,
  "Use Underline Color (Light)" : false,
  "Disable Window Resizing" : true,
  "BM Growl" : true,
  "Background Color (Dark)" : {
    "Red Component" : 0.086274512112140656,
    "Color Space" : "sRGB",
    "Blue Component" : 0.12941177189350128,
    "Alpha Component" : 1,
    "Green Component" : 0.094117648899555206
  },
  "Guid" : "1A5453D4-D290-4D5A-943C-33F94E80729C",
  "Cursor Color (Dark)" : {
    "Red Component" : 0.7764706015586853,
    "Color Space" : "sRGB",
    "Blue Component" : 0.81960785388946533,
    "Alpha Component" : 1,
    "Green Component" : 0.78431373834609985
  },
  "Selection Color (Dark)" : {
    "Red Component" : 0.7764706015586853,
    "Color Space" : "sRGB",
    "Blue Component" : 0.81960785388946533,
    "Alpha Component" : 1,
    "Green Component" : 0.78431373834609985
  },
  "Scrollback Lines" : 1000,
  "Badge Color (Dark)" : {
    "Red Component" : 1,
    "Color Space" : "sRGB",
    "Blue Component" : 0,
    "Alpha Component" : 0.5,
    "Green Component" : 0.1491314172744751
  },
  "Ansi 0 Color (Dark)" : {
    "Red Component" : 0.11764705926179886,
    "Color Space" : "sRGB",
    "Blue Component" : 0.19607843458652496,
    "Alpha Component" : 1,
    "Green Component" : 0.12941177189350128
  },
  "Transparency" : 0.25494680851063833,
  "Use Bright Bold" : true,
  "Horizontal Spacing" : 1,
  "Ansi 13 Color (Light)" : {
    "Red Component" : 0.40784314274787903,
    "Color Space" : "sRGB",
    "Blue Component" : 0.67843139171600342,
    "Alpha Component" : 1,
    "Green Component" : 0.27058824896812439
  },
  "Blur" : true,
  "Ansi 13 Color" : {
    "Green Component" : 0.3333333432674408,
    "Blue Component" : 1,
    "Red Component" : 1
  },
  "Ansi 2 Color (Dark)" : {
    "Red Component" : 0.58089488744735718,
    "Color Space" : "P3",
    "Blue Component" : 0.54666876792907715,
    "Alpha Component" : 1,
    "Green Component" : 0.70908373594284058
  },
  "Cursor Color" : {
    "Green Component" : 0.73333334922790527,
    "Blue Component" : 0.73333334922790527,
    "Red Component" : 0.73333334922790527
  },
  "Unicode Version" : 9,
  "Use Cursor Guide (Light)" : false,
  "Option Key Sends" : 2,
  "Idle Code" : 0,
  "Ansi 13 Color (Dark)" : {
    "Red Component" : 0.67843139171600342,
    "Color Space" : "sRGB",
    "Blue Component" : 0.82745099067687988,
    "Alpha Component" : 1,
    "Green Component" : 0.62745100259780884
  },
  "Send Code When Idle" : false,
  "Selection Color" : {
    "Red Component" : 0.12961554937290032,
    "Color Space" : "sRGB",
    "Blue Component" : 0.11928234016522765,
    "Alpha Component" : 1,
    "Green Component" : 0.320709228515625
  },
  "Non-ASCII Ligatures" : false,
  "Terminal Type" : "xterm-256color",
  "Cursor Boost (Dark)" : 0,
  "Right Option Key Sends" : 2,
  "Background Color" : {
    "Red Component" : 0.063890176825225353,
    "Color Space" : "sRGB",
    "Blue Component" : 0.11810302734375,
    "Alpha Component" : 1,
    "Green Component" : 0.072008464543644929
  },
  "Ansi 10 Color (Dark)" : {
    "Red Component" : 0.6259034276008606,
    "Color Space" : "P3",
    "Blue Component" : 0.60066038370132446,
    "Alpha Component" : 1,
    "Green Component" : 0.7850947380065918
  },
  "Ansi 10 Color" : {
    "Green Component" : 1,
    "Blue Component" : 0.3333333432674408,
    "Red Component" : 0.3333333432674408
  },
  "Vertical Spacing" : 1.1000000000000001,
  "Use Tab Color (Light)" : false,
  "Cursor Type" : 2,
  "Columns" : 80,
  "Ansi 2 Color (Light)" : {
    "Red Component" : 0.2160017192363739,
    "Color Space" : "P3",
    "Blue Component" : 0.39576146006584167,
    "Alpha Component" : 1,
    "Green Component" : 0.3533419668674469
  },
  "Screen" : -1,
  "Cursor Text Color (Dark)" : {
    "Red Component" : 0.086274512112140656,
    "Color Space" : "sRGB",
    "Blue Component" : 0.12941177189350128,
    "Alpha Component" : 1,
    "Green Component" : 0.094117648899555206
  },
  "Description" : "Default",
  "Unlimited Scrollback" : false,
  "Use Italic Font" : true,
  "Working Directory" : "\/Users\/tetetratra",
  "Selected Text Color (Dark)" : {
    "Red Component" : 0.086274512112140656,
    "Color Space" : "sRGB",
    "Blue Component" : 0.12941177189350128,
    "Alpha Component" : 1,
    "Green Component" : 0.094117648899555206
  },
  "Use Cursor Guide (Dark)" : false,
  "Visual Bell" : true,
  "Link Color (Light)" : {
    "Red Component" : 0,
    "Color Space" : "sRGB",
    "Blue Component" : 0.73423302173614502,
    "Alpha Component" : 1,
    "Green Component" : 0.35916060209274292
  },
  "Ansi 1 Color (Dark)" : {
    "Red Component" : 0.88627451658248901,
    "Color Space" : "sRGB",
    "Blue Component" : 0.47058823704719543,
    "Alpha Component" : 1,
    "Green Component" : 0.47058823704719543
  },
  "Default Bookmark" : "No",
  "Ansi 14 Color (Light)" : {
    "Red Component" : 0.21540109669143973,
    "Color Space" : "P3",
    "Blue Component" : 0.75533743358436944,
    "Alpha Component" : 1,
    "Green Component" : 0.5606863699414999
  },
  "Ansi 7 Color (Light)" : {
    "Red Component" : 0.20000000298023224,
    "Color Space" : "sRGB",
    "Blue Component" : 0.29803922772407532,
    "Alpha Component" : 1,
    "Green Component" : 0.21568627655506134
  },
  "Ansi 3 Color (Light)" : {
    "Red Component" : 0.41060328410463554,
    "Color Space" : "P3",
    "Blue Component" : 0.81101790034840937,
    "Alpha Component" : 1,
    "Green Component" : 0.53582424795707084
  },
  "Ansi 9 Color (Dark)" : {
    "Red Component" : 0.91372549533843994,
    "Color Space" : "sRGB",
    "Blue Component" : 0.5372549295425415,
    "Alpha Component" : 1,
    "Green Component" : 0.5372549295425415
  },
  "Badge Color (Light)" : {
    "Red Component" : 1,
    "Color Space" : "sRGB",
    "Blue Component" : 0,
    "Alpha Component" : 0.5,
    "Green Component" : 0.1491314172744751
  },
  "Ansi 14 Color (Dark)" : {
    "Red Component" : 0.58431375026702881,
    "Color Space" : "sRGB",
    "Blue Component" : 0.80784314870834351,
    "Alpha Component" : 1,
    "Green Component" : 0.76862746477127075
  },
  "Tags" : [

  ],
  "Link Color (Dark)" : {
    "Red Component" : 0,
    "Color Space" : "sRGB",
    "Blue Component" : 0.73423302173614502,
    "Alpha Component" : 1,
    "Green Component" : 0.35916060209274292
  },
  "Custom Command" : "Custom Shell",
  "Jobs to Ignore" : [
    "rlogin",
    "ssh",
    "slogin",
    "telnet"
  ],
  "Use Non-ASCII Font" : true,
  "Custom Directory" : "No",
  "Use Selected Text Color (Light)" : true,
  "Bold Color (Light)" : {
    "Red Component" : 0.20000000298023224,
    "Color Space" : "sRGB",
    "Blue Component" : 0.29803922772407532,
    "Alpha Component" : 1,