{
  "Ansi 7 Color (Light)" : {
    "Red Component" : 0.20000000298023224,
    "Color Space" : "sRGB",
    "Blue Component" : 0.29803922772407532,
    "Alpha Component" : 1,
    "Green Component" : 0.21568627655506134
  },
  "Brighten Bold Text (Light)" : true,
  "Ansi 15 Color (Light)" : {
    "Red Component" : 0.14901961386203766,
    "Color Space" : "sRGB",
    "Blue Component" : 0.24705882370471954,
    "Alpha Component" : 1,
    "Green Component" : 0.16470588743686676
  },
  "Ansi 2 Color (Light)" : {
    "Red Component" : 0.2160017192363739,
    "Color Space" : "P3",
    "Blue Component" : 0.39576146006584167,
    "Alpha Component" : 1,
    "Green Component" : 0.3533419668674469
  },
  "Bold Color" : {
    "Green Component" : 0.64705884456634521,
    "Blue Component" : 0.85098040103912354,
    "Red Component" : 0.48235294222831726
  },
  "Ansi 1 Color (Dark)" : {
    "Red Component" : 0.88627451658248901,
    "Color Space" : "sRGB",
    "Blue Component" : 0.47058823704719543,
    "Alpha Component" : 1,
    "Green Component" : 0.47058823704719543
  },
  "Use Bright Bold" : true,
  "Ansi 9 Color (Light)" : {
    "Red Component" : 0.70397037267684937,
    "Color Space" : "P3",
    "Blue Component" : 0.49096220731735229,
    "Alpha Component" : 1,
    "Green Component" : 0.3980863094329834
  },
  "Ansi 8 Color (Dark)" : {
    "Red Component" : 0.41960784792900085,
    "Color Space" : "sRGB",
    "Blue Component" : 0.5372549295425415,
    "Alpha Component" : 1,
    "Green Component" : 0.43921568989753723
  },
  "Use Bright Bold (Dark)" : true,
  "Background Color" : {
    "Red Component" : 0.063890176825225353,
    "Color Space" : "sRGB",
    "Blue Component" : 0.11810302734375,
    "Alpha Component" : 1,
    "Green Component" : 0.072008464543644929
  },
  "Ansi 8 Color" : {
    "Green Component" : 0.33333333333333331,
    "Blue Component" : 0.33333333333333331,
    "Red Component" : 0.33333333333333331
  },
  "Columns" : 80,
  "Right Option Key Sends" : 2,
  "Ansi 4 Color (Light)" : {
    "Red Component" : 0.24009004235267639,
    "Color Space" : "P3",
    "Blue Component" : 0.69433462619781494,
    "Alpha Component" : 1,
    "Green Component" : 0.31672468781471252
  },
  "Blinking Cursor" : false,
  "Selected Text Color (Light)" : {
    "Red Component" : 0.90980392694473267,
    "Color Space" : "sRGB",
    "Blue Component" : 0.92549020051956177,
    "Alpha Component" : 1,
    "Green Component" : 0.91372549533843994
  },
  "Selected Text Color (Dark)" : {
    "Red Component" : 0.086274512112140656,
    "Color Space" : "sRGB",
    "Blue Component" : 0.12941177189350128,
    "Alpha Component" : 1,
    "Green Component" : 0.094117648899555206
  },
  "Cursor Type" : 2,
  "Keyboard Map" : {
    "0x1b-0x100000-0x35" : {
      "Version" : 1,
      "Action" : 11,
      "Text" : "0x02 0x02",
      "Label" : ""
    },
    "0x1b-0x40000-0x35" : {
      "Version" : 1,
      "Action" : 11,
      "Text" : "0x02 0x02",
      "Label" : ""
    },
    "0x35-0x100000-0x17" : {
      "Version" : 1,
      "Action" : 11,
      "Text" : "0x02 0x34",
      "Label" : ""
    },
    "0x33-0x100000-0x14" : {
      "Version" : 1,
      "Action" : 11,
      "Text" : "0x02 0x32",
      "Label" : ""
    },
    "0x31-0x100000-0x12" : {
      "Version" : 1,
      "Action" : 11,
      "Text" : "0x02 0x30",
      "Label" : ""
    },
    "0x34-0x100000-0x15" : {
      "Version" : 1,
      "Action" : 11,
      "Text" : "0x02 0x33",
      "Label" : ""
    },
    "0x32-0x100000-0x13" : {
      "Version" : 1,
      "Action" : 11,
      "Text" : "0x02 0x31",
      "Label" : ""
    }
  },
  "Ansi 3 Color (Dark)" : {
    "Red Component" : 0.88627451658248901,
    "Color Space" : "sRGB",
    "Blue Component" : 0.47058823704719543,
    "Alpha Component" : 1,
    "Green Component" : 0.64313727617263794
  },
  "Visual Bell" : true,
  "Cursor Text Color" : {
    "Green Component" : 1,
    "Blue Component" : 1,
    "Red Component" : 1
  },
  "Scrollback Lines" : 1000,
  "Selection Color (Light)" : {
    "Red Component" : 0.20000000298023224,
    "Color Space" : "sRGB",
    "Blue Component" : 0.29803922772407532,
    "Alpha Component" : 1,
    "Green Component" : 0.21568627655506134
  },
  "Ansi 0 Color" : {
    "Green Component" : 0,
    "Blue Component" : 0,
    "Red Component" : 0
  },
  "Match Background Color (Dark)" : {
    "Red Component" : 0.99697142839431763,
    "Color Space" : "P3",
    "Blue Component" : 0.32116127014160156,
    "Alpha Component" : 1,
    "Green Component" : 0.98600882291793823
  },
  "Ansi 11 Color (Light)" : {
    "Red Component" : 0.33668679729097073,
    "Color Space" : "P3",
    "Blue Component" : 0.81126485744036048,
    "Alpha Component" : 1,
    "Green Component" : 0.47447623333881722
  },
  "Ansi 5 Color (Dark)" : {
    "Red Component" : 0.62745100259780884,
    "Color Space" : "sRGB",
    "Blue Component" : 0.78039216995239258,
    "Alpha Component" : 1,
    "Green Component" : 0.57647061347961426
  },
  "Cursor Text Color (Light)" : {
    "Red Component" : 0.91050213575363159,
    "Color Space" : "P3",
    "Blue Component" : 0.92438018321990967,
    "Alpha Component" : 1,
    "Green Component" : 0.91359537839889526
  },
  "Silence Bell" : true,
  "Rows" : 30,
  "Draw Powerline Glyphs" : false,
  "Guid" : "9856769B-E790-4D7A-9D66-4F53D1FA64FF",
  "Ansi 14 Color (Dark)" : {
    "Red Component" : 0.58431375026702881,
    "Color Space" : "sRGB",
    "Blue Component" : 0.80784314870834351,
    "Alpha Component" : 1,
    "Green Component" : 0.76862746477127075
  },
  "Use Cursor Guide (Dark)" : false,
  "Ansi 15 Color (Dark)" : {
    "Red Component" : 0.82352942228317261,
    "Color Space" : "sRGB",
    "Blue Component" : 0.87058824300765991,
    "Alpha Component" : 1,
    "Green Component" : 0.83137255907058716
  },
  "Ansi 0 Color (Dark)" : {
    "Red Component" : 0.11764705926179886,
    "Color Space" : "sRGB",
    "Blue Component" : 0.19607843458652496,
    "Alpha Component" : 1,
    "Green Component" : 0.12941177189350128
  },
  "Ambiguous Double Width" : false,
  "Option Key Sends" : 2,
  "Ansi 3 Color" : {
    "Green Component" : 0.66274511814117432,
    "Blue Component" : 0.47058823704719543,
    "Red Component" : 0.94509804248809814
  },
  "Window Type" : 12,
  "Smart Cursor Color (Dark)" : false,
  "BM Growl" : true,
  "Prompt Before Closing 2" : false,
  "Command" : "\/opt\/homebrew\/bin\/zsh",
  "Smart Cursor Color (Light)" : true,
  "Use Bright Bold (Light)" : true,
  "Use Selected Text Color (Light)" : true,
  "Selected Text Color" : {
    "Green Component" : 0.65098041296005249,
    "Blue Component" : 0.84705883264541626,
    "Red Component" : 0.45882353186607361
  },
  "Ansi 14 Color (Light)" : {
    "Red Component" : 0.21540109669143973,
    "Color Space" : "P3",
    "Blue Component" : 0.75533743358436944,
    "Alpha Component" : 1,
    "Green Component" : 0.5606863699414999
  },
  "Cursor Guide Color (Dark)" : {
    "Red Component" : 0.70213186740875244,
    "Color Space" : "sRGB",
    "Blue Component" : 1,
    "Alpha Component" : 0.25,
    "Green Component" : 0.9268307089805603
  },
  "ASCII Ligatures" : false,
  "Send Code When Idle" : false,
  "Ansi 6 Color" : {
    "Green Component" : 0.73333334922790527,
    "Blue Component" : 0.73333334922790527,
    "Red Component" : 0
  },
  "Jobs to Ignore" : [
    "rlogin",
    "ssh",
    "slogin",
    "telnet"
  ],
  "Badge Color (Dark)" : {
    "Red Component" : 1,
    "Color Space" : "sRGB",
    "Blue Component" : 0,
    "Alpha Component" : 0.5,
    "Green Component" : 0.1491314172744751
  },
  "Use Underline Color (Light)" : false,
  "Cursor Color" : {
    "Green Component" : 0.73333334922790527,
    "Blue Component" : 0.73333334922790527,
    "Red Component" : 0.73333334922790527
  },
  "Vertical Spacing" : 0.94999999999999996,
  "Minimum Contrast (Light)" : 0,
  "Disable Window Resizing" : true,
  "Use Selected Text Color (Dark)" : true,
  "Close Sessions On End" : true,