{
  "Custom Directory" : "No",
  "Tags" : [

  ],
  "Ansi 12 Color" : {
    "Green Component" : 0.3333333432674408,
    "Red Component" : 0.3333333432674408,
    "Blue Component" : 1
  },
  "Ansi 7 Color" : {
    "Green Component" : 0.73333334922790527,
    "Red Component" : 0.73333334922790527,
    "Blue Component" : 0.73333334922790527
  },
  "Draw Powerline Glyphs" : false,
  "Bold Color" : {
    "Green Component" : 0.64705884456634521,
    "Red Component" : 0.48235294222831726,
    "Blue Component" : 0.85098040103912354
  },
  "Ansi 8 Color" : {
    "Green Component" : 0.33333333333333331,
    "Red Component" : 0.33333333333333331,
    "Blue Component" : 0.33333333333333331
  },
  "Ansi 9 Color" : {
    "Green Component" : 0.3333333432674408,
    "Red Component" : 1,
    "Blue Component" : 0.3333333432674408
  },
  "Ansi 4 Color" : {
    "Green Component" : 0.66274511814117432,
    "Red Component" : 0.54509806632995605,
    "Blue Component" : 0.83137255907058716
  },
  "Rows" : 30,
  "Default Bookmark" : "No",
  "Ansi 5 Color" : {
    "Green Component" : 0.60392159223556519,
    "Red Component" : 0.67450982332229614,
    "Blue Component" : 0.85882353782653809
  },
  "Cursor Guide Color" : {
    "Red Component" : 0.70213186740875244,
    "Color Space" : "sRGB",
    "Blue Component" : 1,
    "Alpha Component" : 0.25,
    "Green Component" : 0.9268307089805603
  },
  "Non-ASCII Anti Aliased" : true,
  "Use Bright Bold" : true,
  "Ansi 10 Color" : {
    "Green Component" : 1,
    "Red Component" : 0.3333333432674408,
    "Blue Component" : 0.3333333432674408
  },
  "Ambiguous Double Width" : false,
  "Jobs to Ignore" : [
    "rlogin",
    "ssh",
    "slogin",
    "telnet"
  ],
  "Ansi 15 Color" : {
    "Green Component" : 1,
    "Red Component" : 1,
    "Blue Component" : 1
  },
  "Foreground Color" : {
    "Green Component" : 0.78431373834609985,
    "Red Component" : 0.78039216995239258,
    "Blue Component" : 0.78823530673980713
  },
  "Working Directory" : "\/Users\/tetetratra",
  "Blinking Cursor" : false,
  "Disable Window Resizing" : true,
  "Sync Title" : false,
  "Prompt Before Closing 2" : false,
  "BM Growl" : true,
  "Mouse Reporting" : true,
  "Command" : "",
  "Description" : "Default",
  "Screen" : -1,
  "Selection Color" : {
    "Red Component" : 0.12961554937290032,
    "Color Space" : "sRGB",
    "Blue Component" : 0.11928234016522765,
    "Alpha Component" : 1,
    "Green Component" : 0.320709228515625
  },
  "Columns" : 80,
  "Idle Code" : 0,
  "Ansi 13 Color" : {
    "Green Component" : 0.3333333432674408,
    "Red Component" : 1,
    "Blue Component" : 1
  },
  "Custom Command" : "No",
  "ASCII Anti Aliased" : true,
  "Non Ascii Font" : "Monaco 16",
  "Vertical Spacing" : 0.94999999999999996,
  "Use Bold Font" : false,
  "Option Key Sends" : 2,
  "Selected Text Color" : {
    "Green Component" : 0.65098041296005249,
    "Red Component" : 0.45882353186607361,
    "Blue Component" : 0.84705883264541626
  },
  "Background Color" : {
    "Red Component" : 0.099092002026736736,
    "Color Space" : "sRGB",
    "Blue Component" : 0.19000244140625,
    "Alpha Component" : 1,
    "Green Component" : 0.11270569093872598
  },
  "Character Encoding" : 4,
  "Ansi 11 Color" : {
    "Green Component" : 1,
    "Red Component" : 1,
    "Blue Component" : 0.3333333432674408
  },
  "Use Italic Font" : true,
  "Unlimited Scrollback" : false,
  "Keyboard Map" : {
    "0x33-0x100000-0x14" : {
      "Version" : 1,
      "Action" : 11,
      "Text" : "0x02 0x32",
      "Label" : ""
    },
    "0x35-0x100000-0x17" : {
      "Version" : 1,
      "Action" : 11,
      "Text" : "0x02 0x34",
      "Label" : ""
    },
    "0x32-0x100000-0x13" : {
      "Version" : 1,
      "Action" : 11,
      "Text" : "0x02 0x31",
      "Label" : ""
    },
    "0x31-0x100000-0x12" : {
      "Version" : 1,
      "Action" : 11,
      "Text" : "0x02 0x30",
      "Label" : ""
    },
    "0x34-0x100000-0x15" : {
      "Version" : 1,
      "Action" : 11,
      "Text" : "0x02 0x33",
      "Label" : ""
    }
  },
  "Window Type" : 12,
  "Blur Radius" : 0.31817893401015229,
  "Cursor Type" : 2,
  "Background Image Location" : "",
  "Blur" : true,
  "Badge Color" : {
    "Red Component" : 1,
    "Color Space" : "sRGB",
    "Blue Component" : 0,
    "Alpha Component" : 0.5,
    "Green Component" : 0.1491314172744751
  },
  "Scrollback Lines" : 1000,
  "Send Code When Idle" : false,
  "Close Sessions On End" : true,
  "Terminal Type" : "xterm-256color",
  "Visual Bell" : true,
  "Flashing Bell" : false,
  "Silence Bell" : true,
  "Ansi 14 Color" : {
    "Green Component" : 1,
    "Red Component" : 0.3333333432674408,
    "Blue Component" : 1
  },
  "Unicode Version" : 9,
  "Name" : "Default",
  "Cursor Text Color" : {
    "Green Component" : 1,
    "Red Component" : 1,
    "Blue Component" : 1
  },
  "Minimum Contrast" : 0,
  "Shortcut" : "",
  "Cursor Color" : {
    "Green Component" : 0.73333334922790527,
    "Red Component" : 0.73333334922790527,
    "Blue Component" : 0.73333334922790527
  },
  "Ansi 0 Color" : {
    "Green Component" : 0,
    "Red Component" : 0,
    "Blue Component" : 0
  },
  "Guid" : "9856769B-E790-4D7A-9D66-4F53D1FA64FF",
  "Ansi 1 Color" : {
    "Green Component" : 0.47450980544090271,
    "Red Component" : 0.87450981140136719,
    "Blue Component" : 0.48627451062202454
  },
  "Link Color" : {
    "Red Component" : 0,
    "Color Space" : "sRGB",
    "Blue Component" : 0.73423302173614502,
    "Alpha Component" : 1,
    "Green Component" : 0.35916060209274292
  },
  "Transparency" : 0.22228743654822336,
  "Horizontal Spacing" : 1,
  "Use Non-ASCII Font" : true,
  "Ansi 6 Color" : {
    "Green Component" : 0.73333334922790527,
    "Red Component" : 0,
    "Blue Component" : 0.73333334922790527
  },
  "Normal Font" : "Monaco 16",
  "Ansi 3 Color" : {
    "Green Component" : 0.66274511814117432,
    "Red Component" : 0.94509804248809814,
    "Blue Component" : 0.47058823704719543
  },
  "Ansi 2 Color" : {
    "Green Component" : 0.61960786581039429,
    "Red Component" : 0.44705882668495178,
    "Blue Component" : 0.48627451062202454
  },
  "Right Option Key Sends" : 2
}